name,image_id,cc,category
Brown Booby,255247461,yann muzika,seabirds
Steller's Sea-Eagle,20060851,Ian Davies,big_raptors
Daurian Redstart,388744171,Saku Saku,robins
Warbling White-eye,173309281,Natthaphat Chotjuckdikul,lbb
Blakiston's Fish-Owl,26859651,Ian Davies,owl
Whooper Swan,65426221,Christoph Moning,geese
Siberian Thrush,579413791,Kasia & Takashi Someya,ground_mbb
Warbling White-eye,317165211,Natthaphat Chotjuckdikul,lbb
Okinawa Rail,266992571,yann muzika,rail_crake
Steller's Sea-Eagle,26859521,Ian Davies,big_raptors
Harlequin Duck,26860111,Ian Davies,ducks
White-naped Crane,65591651,Christoph Moning,egrets
Brown Booby,265791501,yann muzika,seabirds
Radde's Warbler,609495566,Shigeyuki Mukawa,lbb
Common Merganser,509781661,John Clough,funky_ducks
Ural Owl,198773431,yann muzika,owl
Little Tern,241113041,yann muzika,seabirds
Whooper Swan,65426261,Christoph Moning,geese
Blakiston's Fish-Owl,33106581,Andrew Spencer,owl
Glaucous-winged Gull,65437781,Christoph Moning,seabirds
Brown Dipper,386907341,Saku Saku,mbb
Okinawa Rail,103438221,Anonymous,rail_crake
Baer's Pochard,261516871,yann muzika,ducks
Blakiston's Fish-Owl,26859641,Ian Davies,owl
Baikal Teal,245258841,William Price,ducks
Blakiston's Fish-Owl,26859631,Ian Davies,owl
Eurasian Wren,559165571,Kasia & Takashi Someya,lbb
Black-tailed Gull,76326981,Eric VanderWerf,seabirds
Green-winged Teal,219925031,Ayuwat Jearwattanakanok,ducks
Taiga Bean-Goose,81255571,Ayuwat Jearwattanakanok,geese
Steller's Sea-Eagle,26859531,Ian Davies,big_raptors
Swinhoe's Snipe,266995821,yann muzika,colourful_waders
Eurasian Wigeon,203849601,Charley Hesse TROPICAL BIRDING,ducks
Large-billed Crow,26860351,Ian Davies,black_white
Ijima's Leaf Warbler,93917941,yann muzika,lbb
Brown-eared Bulbul,65428321,Christoph Moning,ground_mbb
Blakiston's Fish-Owl,33106601,Andrew Spencer,owl
Hooded Crane,65590161,Christoph Moning,egrets
Streaked Shearwater,265781311,yann muzika,seabirds
Ryukyu Robin,26854261,Ian Davies,robins
Meadow Bunting,176478141,Natthaphat Chotjuckdikul,lbb
Brown Dipper,386907321,Saku Saku,mbb
Hooded Crane,65590151,Christoph Moning,egrets
Daurian Redstart,388744241,Saku Saku,robins
Brown Booby,255247371,yann muzika,seabirds
Glaucous-winged Gull,65426371,Christoph Moning,seabirds
Whooper Swan,65426191,Christoph Moning,geese
Siberian Thrush,579562001,Kasia & Takashi Someya,ground_mbb
Dusky Thrush,543548051,Sandy Luk,ground_mbb
Ruddy Turnstone,382855671,Ayuwat Jearwattanakanok,colourful_waders
Long-tailed Rosefinch,532745661,Graham Gerdeman,finches
Bonin White-eye,206017701,Lars Petersson | My World of Bird Photography,lbb
Eurasian Tree Sparrow,550943601,Yifei Zheng,lbb
Brown Dipper,386907311,Saku Saku,mbb
Black Scoter,65541771,Christoph Moning,funky_ducks
Smew,26861921,Ian Davies,funky_ducks
Crested Serpent-Eagle,288136051,yann muzika,big_raptors
Steller's Sea-Eagle,20060861,Ian Davies,big_raptors
Harlequin Duck,26860081,Ian Davies,ducks
Iriomote Tit,245302571,yann muzika,tit
Common Sandpiper,26858351,Ian Davies,plovers
Glaucous-winged Gull,65437741,Christoph Moning,seabirds
Japanese Pygmy Woodpecker,24366071,Ian Davies,woodpecker
Whooper Swan,65426121,Christoph Moning,geese
Long-toed Stint,50677161,Otto Samwald,hard_waders
Swinhoe's Snipe,266995811,yann muzika,colourful_waders
Fairy Pitta,241821561,yann muzika,ground_birds
Green Pheasant,146183081,Nick Irwin,walking_birds
Little Tern,241113021,yann muzika,seabirds
Long-tailed Duck,26860151,Ian Davies,ducks
Brown Booby,255412581,yann muzika,seabirds
White's Thrush,65592931,Christoph Moning,ground_mbb
Daurian Redstart,388744181,Saku Saku,robins
Bonin White-eye,255404721,yann muzika,lbb
Hawfinch,65428411,Christoph Moning,finches
Dusky Thrush,81484741,Anonymous,ground_mbb
Eastern Spot-billed Duck,26854871,Ian Davies,ducks
Japanese Bush Warbler,24366041,Ian Davies,lbb
Bonin White-eye,354718241,yann muzika,lbb
Bonin White-eye,206019261,Lars Petersson | My World of Bird Photography,lbb
White-naped Crane,41541231,Ian Davies,egrets
Brown-eared Bulbul,65592981,Christoph Moning,ground_mbb
Hooded Crane,65590141,Christoph Moning,egrets
Daurian Redstart,388744231,Saku Saku,robins
Radde's Warbler,609495563,Shigeyuki Mukawa,lbb
Black Kite,65441321,Christoph Moning,big_raptors
Wedge-tailed Shearwater,52877951,James Holmes,seabirds
Daurian Redstart,388744271,Saku Saku,robins
Okinawa Woodpecker,204331991,Hal and Kirsten Snyder,woodpecker
Eurasian Wren,597740221,Nathan Wall,lbb
Japanese Waxwing,202169031,Stuart Price,little_colourful_birds
Taiga Bean-Goose,81255561,Ayuwat Jearwattanakanok,geese
White-naped Crane,65591701,Christoph Moning,egrets
Little Tern,241113031,yann muzika,seabirds
Bull-headed Shrike,26855281,Ian Davies,songbird
Black-faced Spoonbill,26854581,Ian Davies,egrets
Black-tailed Gull,76327001,Eric VanderWerf,seabirds
Dusky Thrush,65426281,Christoph Moning,ground_mbb
White-tailed Eagle,20060821,Ian Davies,big_raptors
Pin-tailed Snipe,266995551,yann muzika,colourful_waders
Smew,26861931,Ian Davies,funky_ducks
Okinawa Rail,129292791,David Irving,rail_crake
Rough-legged Hawk,517363471,yann muzika,big_raptors
Northern Boobook,384822791,Saku Saku,owl
Gray Bunting,610942991,Kasia & Takashi Someya,lbb
Pallas's Rosefinch,208475171,Charley Hesse TROPICAL BIRDING,finches
Bonin White-eye,206019271,Lars Petersson | My World of Bird Photography,lbb
Whooper Swan,65426271,Christoph Moning,geese
Ross's Gull,198560531,yann muzika,seabirds
Long-tailed Tit,198780631,yann muzika,tit
Steller's Sea-Eagle,26859541,Ian Davies,big_raptors
Brown-eared Bulbul,24366031,Ian Davies,ground_mbb
Siberian Thrush,579562021,Kasia & Takashi Someya,ground_mbb
Black-tailed Gull,76326961,Eric VanderWerf,seabirds
Izu Robin,93918071,yann muzika,robins
Oriental Turtle-Dove,227260081,Antonio Rodriguez-Sinovas,pigeons_doves
Long-tailed Duck,26860171,Ian Davies,ducks
Long-tailed Duck,26860161,Ian Davies,ducks
Mandarin Duck,609005716,Faye Manning,ducks
Desert Wheatear,524989661,Ray Wise,mbb
Malayan Night Heron,288144591,yann muzika,herons
Japanese Scops-Owl,266992341,yann muzika,owl
Ryukyu Robin,41406911,Ian Davies,robins
Common Gull,26860261,Ian Davies,seabirds
Okinawa Rail,206010611,Lars Petersson | My World of Bird Photography,rail_crake
Ross's Gull,198560471,yann muzika,seabirds
Red-flanked Bluetail,529330031,Hiroyuki Tamura,robins
Eurasian Kestrel,520876441,Aline Horikawa,small_raptors
Black-faced Spoonbill,26854611,Ian Davies,egrets
Ijima's Leaf Warbler,353430581,Ayuwat Jearwattanakanok,lbb
Japanese Bush Warbler,255404871,yann muzika,lbb
Common Gull,26860271,Ian Davies,seabirds
Eurasian Treecreeper,614667529,Forest Botial-Jarvis,lbb
Common Snipe,26854421,Ian Davies,colourful_waders
Okinawa Woodpecker,206012181,Lars Petersson | My World of Bird Photography,woodpecker
Little Grebe,597974791,Nathan Wall,water_birds
White-tailed Eagle,26861351,Ian Davies,big_raptors
White-naped Crane,26856841,Ian Davies,egrets
White-tailed Eagle,26861381,Ian Davies,big_raptors
Blue Rock-Thrush,608993256,Forest Botial-Jarvis,ground_mbb
Pale Thrush,271371311,yann muzika,ground_mbb
Taiga Bean-Goose,50677111,Otto Samwald,geese
White-naped Crane,65591681,Christoph Moning,egrets
Okinawa Rail,204331981,Hal and Kirsten Snyder,rail_crake
Red-crowned Crane,26861441,Ian Davies,egrets
Eastern Spot-billed Duck,146665251,John Martin,ducks
Red-faced Cormorant,41541701,Ian Davies,cormorant
Glaucous Gull,65433741,Christoph Moning,seabirds
Ryukyu Minivet,24366061,Ian Davies,robins
Oriental Turtle-Dove,547545241,Ian Reese,pigeons_doves
Izu Robin,353430231,Ayuwat Jearwattanakanok,robins
Japanese Bush Warbler,255404881,yann muzika,lbb
Black-tailed Gull,253223951,yann muzika,seabirds
Pleske's Grasshopper Warbler,206021201,Lars Petersson | My World of Bird Photography,lbb
Amami Woodcock,206010441,Lars Petersson | My World of Bird Photography,colourful_waders
Dusky Thrush,205715821,Morten Venas,ground_mbb
Steller's Sea-Eagle,26859551,Ian Davies,big_raptors
Black Wood-Pigeon,255411141,yann muzika,pigeons_doves
Okinawa Rail,206135801,walter mancilla huaman,rail_crake
Northern Hawk-Cuckoo,139102791,Tomohiro Iuchi,big_raptors
Black Kite,65441251,Christoph Moning,big_raptors
Long-tailed Duck,26860311,Ian Davies,ducks
Long-tailed Duck,26860181,Ian Davies,ducks
Slaty-backed Gull,26858861,Ian Davies,seabirds
Varied Tit,291923901,yann muzika,tit
Red-throated Thrush,94791591,yann muzika,ground_mbb
Asian Rosy-Finch,76326871,Eric VanderWerf,finches
Asian House-Martin,36470921,Takayuki Uchida,swallows
White-tailed Eagle,26861391,Ian Davies,big_raptors
Long-tailed Duck,26860191,Ian Davies,ducks
Japanese Woodpecker,546003541,Alexander Kitiashvili,woodpecker
Slaty-backed Gull,26859891,Ian Davies,seabirds
Eurasian Siskin,275214471,yann muzika,little_colourful_birds
Okinawa Woodpecker,206010631,Lars Petersson | My World of Bird Photography,woodpecker
Japanese Tit,26854281,Ian Davies,tit
Ross's Gull,198560521,yann muzika,seabirds
Bonin White-eye,206019161,Lars Petersson | My World of Bird Photography,lbb
Large-billed Crow,26860411,Ian Davies,black_white
Baikal Teal,245258751,William Price,ducks
Japanese Bush Warbler,206019281,Lars Petersson | My World of Bird Photography,lbb
Oriental Pratincole,206019231,Lars Petersson | My World of Bird Photography,misc
Black Scoter,26860101,Ian Davies,funky_ducks
Eurasian Hobby,352326071,David Irving,small_raptors
White Wagtail,595589741,Nathan Wall,wagfantail
Baikal Teal,556466301,Anonymous,ducks
Tufted Duck,382846591,Ayuwat Jearwattanakanok,ducks
Eastern Crowned Warbler,206003931,Lars Petersson | My World of Bird Photography,lbb
Black Kite,65441601,Christoph Moning,big_raptors
Large-billed Crow,26860391,Ian Davies,black_white
Large-billed Crow,26860341,Ian Davies,black_white
Ross's Gull,198560511,yann muzika,seabirds
Bull-headed Shrike,509798071,John Clough,songbird
Owston's Tit,353430511,Ayuwat Jearwattanakanok,tit
Pleske's Grasshopper Warbler,206021191,Lars Petersson | My World of Bird Photography,lbb
Izu Robin,206021031,Lars Petersson | My World of Bird Photography,robins
Green Pheasant,206001001,Lars Petersson | My World of Bird Photography,walking_birds
Crested Serpent-Eagle,205663841,Chun Fai LO,big_raptors
Black Kite,65441361,Christoph Moning,big_raptors
White-tailed Eagle,20060811,Ian Davies,big_raptors
Red-flanked Bluetail,88736271,Anonymous,robins
Black Wood-Pigeon,255411181,yann muzika,pigeons_doves
Tundra Bean-Goose,81255581,Ayuwat Jearwattanakanok,geese
Stejneger's Scoter,110435861,Yasuhiko Komatsu,funky_ducks
American Wigeon,513252971,Koji  Tagi,ducks
Japanese Murrelet,65587661,Christoph Moning,puffin_and_co
Schrenck's Bittern,92897681,Anonymous,herons
Azure-winged Magpie,65592971,Christoph Moning,black_white
Amami Woodcock,103440951,Anonymous,colourful_waders
Northern Boobook,114309081,Kuang-Ping Yu,owl
Pelagic Cormorant,26860401,Ian Davies,cormorant
Ryukyu Scops-Owl,129292441,David Irving,owl
Willow Tit,559165461,Kasia & Takashi Someya,tit
Bonin White-eye,206017691,Lars Petersson | My World of Bird Photography,lbb
Oriental Stork,609345279,Osamu Murakami,egrets
Eurasian Wren,516006991,Kasia & Takashi Someya,lbb
Swinhoe's Snipe,266995791,yann muzika,colourful_waders
Japanese Wagtail,206024921,Lars Petersson | My World of Bird Photography,wagfantail
American Wigeon,205669831,Chun Fai LO,ducks
Green Pheasant,176760271,Richard Littauer,walking_birds
Great Crested Grebe,20060661,Ian Davies,water_birds
Rock Ptarmigan,589032781,Jen Wei Yip,quails
Masked Bunting,65592811,Christoph Moning,lbb
Black Wood-Pigeon,206019301,Lars Petersson | My World of Bird Photography,pigeons_doves
White Wagtail,537549401,Graham Gerdeman,wagfantail
Pleske's Grasshopper Warbler,353430021,Ayuwat Jearwattanakanok,lbb
Amami Woodcock,206010481,Lars Petersson | My World of Bird Photography,colourful_waders
Amami Woodcock,206010471,Lars Petersson | My World of Bird Photography,colourful_waders
Black Paradise-Flycatcher,204333561,Hal and Kirsten Snyder,wagfantail
Gray-faced Buzzard,139964381,Larry  Gridley,big_raptors
White's Thrush,104005431,Nick Bonomo,ground_mbb
Daurian Redstart,65591921,Christoph Moning,robins
Slaty-backed Gull,26858961,Ian Davies,seabirds
Red-billed Leiothrix,597973411,Nathan Wall,little_colourful_birds
Red-billed Leiothrix,597973081,Nathan Wall,little_colourful_birds
Red-billed Leiothrix,597972861,Nathan Wall,little_colourful_birds
Eastern Spot-billed Duck,595588391,Nathan Wall,ducks
Wedge-tailed Shearwater,52877001,James Holmes,seabirds
Red-crowned Crane,26861471,Ian Davies,egrets
White-tailed Eagle,26861371,Ian Davies,big_raptors
Okinawa Robin,24365641,Ian Davies,robins
Red-crested Pochard,512662231,Christopher Amano-Langtree,ducks
Pleske's Grasshopper Warbler,246586031,yann muzika,lbb
Copper Pheasant,134247391,Anonymous,walking_birds
Baikal Teal,125509191,Kasia & Takashi Someya,ducks
Falcated Duck,79984611,Eric Barnes,ducks
Greater Scaup,151605871,Rui-Yang Ho,ducks
Bull-headed Shrike,65592491,Christoph Moning,songbird
Japanese Pygmy Woodpecker,65436521,Christoph Moning,woodpecker
Japanese Murrelet,65587911,Christoph Moning,puffin_and_co
Bald Eagle,307799481,yann muzika,big_raptors
Oriental Stork,65587401,Christoph Moning,egrets
Oriental Stork,65587461,Christoph Moning,egrets
Short-tailed Albatross,205935031,John and Jemi Holmes,seabirds
Great Cormorant,92439261,Arnaud Lacroix,cormorant
Common Gull,41541671,Ian Davies,seabirds
Ryukyu Robin,33106361,Andrew Spencer,robins
White-winged Crossbill,611036394,Kasia & Takashi Someya,little_colourful_birds
Brown Dipper,206256921,Stu Elsom,mbb
Kentish Plover,241117611,yann muzika,plovers
Asian Rosy-Finch,76326901,Eric VanderWerf,finches
Harlequin Duck,41541601,Ian Davies,ducks
Japanese Accentor,22575151,Brian Daniels,mbb
Black Kite,65441021,Christoph Moning,big_raptors
Eastern Spot-billed Duck,41407791,Ian Davies,ducks
Steller's Sea-Eagle,26860601,Ian Davies,big_raptors
Japanese Accentor,206015841,Lars Petersson | My World of Bird Photography,mbb
Manchurian Bush Warbler,94481191,yann muzika,lbb
Ryukyu Flycatcher,33105881,Andrew Spencer,wagfantail
Black Wood-Pigeon,255411811,yann muzika,pigeons_doves
Gray Wagtail,206023231,Lars Petersson | My World of Bird Photography,wagfantail
Japanese Murrelet,205713361,Morten Venas,puffin_and_co
Claudia's Leaf Warbler,139191891,Kasia & Takashi Someya,lbb
Dusky Thrush,531311051,André  Zambolli,ground_mbb
Crested Serpent-Eagle,288136021,yann muzika,big_raptors
Bonin White-eye,255401651,yann muzika,lbb
Northern Fulmar,253363191,yann muzika,seabirds
Warbling White-eye,245306581,yann muzika,lbb
Pale Thrush,206257001,Stu Elsom,ground_mbb
Ashy Minivet,206023161,Lars Petersson | My World of Bird Photography,robins
Hooded Crane,65589901,Christoph Moning,egrets
Blakiston's Fish-Owl,26859671,Ian Davies,owl
Glaucous-winged Gull,26859201,Ian Davies,seabirds
Rock Ptarmigan,22574571,Brian Daniels,quails
Ancient Murrelet,40216611,Masami Yoshimura,puffin_and_co
Ural Owl,61722011,jimmy Yao,owl
Eurasian Bullfinch,609113092,Kasia & Takashi Someya,finches
Daurian Redstart,135233801,Daniel S.,robins
Eurasian Wren,26855131,Ian Davies,lbb
Copper Pheasant,140233751,Paul Koker,walking_birds
Long-tailed Tit,611748511,Anonymous,tit
Brown Booby,558919031,Barry Reed,seabirds
Crested Myna,543892931,Alexander Kitiashvili,ground_mbb
Owston's Tit,206021141,Lars Petersson | My World of Bird Photography,tit
Black Wood-Pigeon,206019291,Lars Petersson | My World of Bird Photography,pigeons_doves
Japanese Cormorant,41407691,Ian Davies,cormorant
Brown-eared Bulbul,85217081,Anonymous,ground_mbb
Ruff,609612936,Kasia & Takashi Someya,colourful_waders
Smew,197359291,Anonymous,funky_ducks
Red-crowned Crane,65327791,Christoph Moning,egrets
Slaty-backed Gull,26859871,Ian Davies,seabirds
Japanese Scops-Owl,490831741,kunitarou miyagi,owl
Okinawa Rail,206010601,Lars Petersson | My World of Bird Photography,rail_crake
Red-faced Cormorant,41541711,Ian Davies,cormorant
Okinawa Woodpecker,206012341,Lars Petersson | My World of Bird Photography,woodpecker
Oriental Honey-buzzard,609313215,André  Zambolli,big_raptors
Tristram's Storm-Petrel,205935011,John and Jemi Holmes,seabirds
Oriental Turtle-Dove,65592821,Christoph Moning,pigeons_doves
Japanese Murrelet,65587821,Christoph Moning,puffin_and_co
Ross's Gull,198560541,yann muzika,seabirds
Great Spotted Woodpecker,65436571,Christoph Moning,woodpecker
Okinawa Robin,266992491,yann muzika,robins
Saunders's Gull,104004781,Nick Bonomo,seabirds
Black Kite,65441201,Christoph Moning,big_raptors
Green Pheasant,554100231,Alexander Kitiashvili,walking_birds
Kamchatka Leaf Warbler,271377411,yann muzika,little_colourful_birds
Okinawa Rail,204359071,Stijn De Win,rail_crake
Black Kite,41546391,Ian Davies,big_raptors
Slaty-backed Gull,26858911,Ian Davies,seabirds
Japanese Bush Warbler,26858411,Ian Davies,lbb
Japanese Bush Warbler,24366021,Ian Davies,lbb
Japanese Bush Warbler,152991201,yann muzika,lbb
Northern Shoveler,79514041,Takayuki Uchida,ducks
Okinawa Woodpecker,33106131,Andrew Spencer,woodpecker
Bonin White-eye,206017681,Lars Petersson | My World of Bird Photography,lbb
White's Thrush,531738681,Atsushi Shimazaki,ground_mbb
White-bellied Green-Pigeon,386494601,Hidetoshi Inoue,pigeons_doves
Pacific Reef-Heron,382857101,Ayuwat Jearwattanakanok,herons
Bull-headed Shrike,206021231,Lars Petersson | My World of Bird Photography,songbird
Common Gull,26860301,Ian Davies,seabirds
Pin-tailed Snipe,266995561,yann muzika,colourful_waders
Eastern Spot-billed Duck,163228071,Richard Dunn,ducks
Baikal Teal,82086491,Kasia & Takashi Someya,ducks
Common Gull,26860281,Ian Davies,seabirds
White-cheeked Starling,595589131,Nathan Wall,ground_mbb
White-cheeked Starling,595588981,Nathan Wall,ground_mbb
Gray Heron,595587331,Nathan Wall,herons
Reed Bunting,609772910,yann muzika,lbb
Long-tailed Tit,597739541,Nathan Wall,tit
Rock Ptarmigan,588765531,Jen Wei Yip,quails
Naumann's Thrush,551668381,Tomoaki Ohta,ground_mbb
Yellow-bellied Tit,543105591,Kasia & Takashi Someya,tit
Eurasian Bullfinch,395241031,Ayuwat Jearwattanakanok,finches
Amami Woodcock,206010461,Lars Petersson | My World of Bird Photography,colourful_waders
Black Scoter,65541721,Christoph Moning,funky_ducks
Black Scoter,65541691,Christoph Moning,funky_ducks
Red-crowned Crane,26861481,Ian Davies,egrets
Common Gull,26860291,Ian Davies,seabirds
Blakiston's Fish-Owl,26859681,Ian Davies,owl
Long-tailed Rosefinch,550910911,Alexander Kitiashvili,finches
Russet Sparrow,552025921,Alexander Kitiashvili,lbb
Common Gull,198562151,yann muzika,little_colourful_birds
Ancient Murrelet,40216861,Masami Yoshimura,puffin_and_co
Pale Thrush,514114501,Anonymous,ground_mbb
Japanese Bush Warbler,208752231,Paul Hyde,lbb
Northern Boobook,63144871,Anonymous,owl
Bohemian Waxwing,556766041,としふみ しみず,little_colourful_birds
Oriental Stork,217914811,yann muzika,egrets
Asian Rosy-Finch,41541511,Ian Davies,finches
Japanese Grosbeak,543220581,Alexander Kitiashvili,finches
Red-flanked Bluetail,526824111,Hiroyuki Tamura,robins
Chestnut-eared Bunting,599643521,Kasia & Takashi Someya,lbb
Little Grebe,597974761,Nathan Wall,water_birds
Red-billed Leiothrix,597972791,Nathan Wall,little_colourful_birds
Red-billed Leiothrix,597972781,Nathan Wall,little_colourful_birds
Eurasian Wren,597739841,Nathan Wall,lbb
Long-tailed Tit,597739591,Nathan Wall,tit
Willow Tit,597739461,Nathan Wall,tit
Eurasian Jay,597739301,Nathan Wall,robins
Meadow Bunting,597654231,Nathan Wall,lbb
White-cheeked Starling,595589031,Nathan Wall,ground_mbb
Red-flanked Bluetail,321829311,Saku Saku,robins
Owston's Tit,206021131,Lars Petersson | My World of Bird Photography,tit
Oriental Pratincole,206019221,Lars Petersson | My World of Bird Photography,misc
Japanese Accentor,206015871,Lars Petersson | My World of Bird Photography,mbb
Green Pheasant,206000991,Lars Petersson | My World of Bird Photography,walking_birds
Garganey,205429111,Kasia & Takashi Someya,ducks
Northern Wheatear,152739981,yann muzika,mbb
Lidth's Jay,101299111,Yu Ching Tam,robins
Black Kite,41546401,Ian Davies,big_raptors
Okinawa Rail,352475521,David Irving,rail_crake
Glaucous Gull,26859221,Ian Davies,seabirds
Black-faced Spoonbill,26854591,Ian Davies,egrets
Ryukyu Scops-Owl,24366191,Ian Davies,owl
Sakhalin Grasshopper Warbler,164596511,Roman Lo,lbb
White-bellied Green-Pigeon,170128911,Harumi Umi,pigeons_doves
Green-winged Teal,219924921,Ayuwat Jearwattanakanok,ducks
Bald Eagle,307799451,yann muzika,big_raptors
Yellow-throated Bunting,275214621,yann muzika,lbb
Oriental Greenfinch,76327691,Eric VanderWerf,finches
Long-tailed Rosefinch,542906631,Alexander Kitiashvili,finches
Northern Pintail,297593301,yann muzika,ducks
Japanese Murrelet,208258421,Charley Hesse TROPICAL BIRDING,puffin_and_co
Common Gull,65436951,Christoph Moning,little_colourful_birds
Little Tern,241113051,yann muzika,seabirds
Ruddy Turnstone,608671995,Shigeyuki Mukawa,colourful_waders
Red-necked Stint,417185211,Hinata Kawamori,hard_waders
Mugimaki Flycatcher,271357951,yann muzika,wagfantail
Pallas's Rosefinch,208475201,Charley Hesse TROPICAL BIRDING,finches
Meadow Bunting,206021211,Lars Petersson | My World of Bird Photography,lbb
Hooded Crane,65590071,Christoph Moning,egrets
Japanese Pygmy Woodpecker,58877331,Adam Higgins,woodpecker
Slaty-backed Gull,26858951,Ian Davies,seabirds
Japanese Sparrowhawk,123600351,Yasuhiko Komatsu,big_raptors
Saunders's Gull,85854021,Alvaro Jaramillo,seabirds
Owston's Tit,93918021,yann muzika,tit
Scaly-sided Merganser,300117341,kunitarou miyagi,funky_ducks
Chestnut Bunting,143765391,Kasia & Takashi Someya,lbb
Okinawa Woodpecker,129292971,David Irving,woodpecker
Chinese Bamboo-Partridge,123599711,Yasuhiko Komatsu,quails
Northern Pintail,511702441,Hiroyuki Tamura,ducks
Black-footed Albatross,253362421,yann muzika,seabirds
Red-necked Stint,521309161,Nick Schöffski,hard_waders
Ashy Minivet,206023171,Lars Petersson | My World of Bird Photography,robins
White-cheeked Starling,65592681,Christoph Moning,ground_mbb
Spectacled Guillemot,124263761,Lasse Olsson,puffin_and_co
Eurasian Bullfinch,613124015,Anonymous,finches
Crested Ibis,553405881,Yi Ming（逸明） Chen（陳）,black_white
Red-necked Phalarope,417196841,Hinata Kawamori,colourful_waders
Siberian Rubythroat,384686261,Saku Saku,ground_mbb
Siberian Blue Robin,335517911,Saku Saku,robins
Asian Rosy-Finch,219931411,Ayuwat Jearwattanakanok,finches
Wedge-tailed Shearwater,205935001,John and Jemi Holmes,seabirds
European Starling,143164581,yann muzika,ground_mbb
Oriental Stork,132112021,Sharif Uddin,egrets
Gray-headed Lapwing,105601371,Sharif Uddin,plovers
Northern Lapwing,88403501,Charley Hesse TROPICAL BIRDING,plovers
White-cheeked Starling,85534101,Shane Dollman,ground_mbb
Common Gull,41541651,Ian Davies,seabirds
Okinawa Woodpecker,206012331,Lars Petersson | My World of Bird Photography,woodpecker
Greater Scaup,65541751,Christoph Moning,ducks
Meadow Bunting,574724951,Shigeyuki Mukawa,lbb
Brown-cheeked Rail,65591141,Christoph Moning,rail_crake
Brown Dipper,386907391,Saku Saku,mbb
Common Kingfisher,26854431,Ian Davies,kingfishers
Japanese Woodpecker,26854991,Ian Davies,woodpecker
Long-tailed Tit,595589161,Nathan Wall,tit
Large-billed Crow,595587691,Nathan Wall,black_white
Brown Booby,255414011,yann muzika,seabirds
Brown Booby,255412571,yann muzika,seabirds
Pacific Swift,206003831,Lars Petersson | My World of Bird Photography,swallows
Blue Rock-Thrush,614084735,倖霈 余,ground_mbb
Bannerman's Shearwater,598950681,yann muzika,seabirds
Long-tailed Tit,597739531,Nathan Wall,tit
Eurasian Goshawk,588720091,André  Zambolli,big_raptors
Oriental Pratincole,564323651,yann muzika,misc
White-bellied Green-Pigeon,546003931,Alexander Kitiashvili,pigeons_doves
Crested Myna,543892941,Alexander Kitiashvili,ground_mbb
Gray Bunting,543221441,Alexander Kitiashvili,lbb
Eastern Spot-billed Duck,460728301,Atsushi Shimazaki,ducks
American Pipit,319415831,Ayuwat Jearwattanakanok,mbb
Little Bunting,271368281,yann muzika,lbb
Izu Thrush,246596191,yann muzika,ground_mbb
Desert Wheatear,218967641,yann muzika,mbb
Amami Woodcock,206010451,Lars Petersson | My World of Bird Photography,colourful_waders
Amami Woodcock,206010431,Lars Petersson | My World of Bird Photography,colourful_waders
American Wigeon,205669841,Chun Fai LO,ducks
Bull-headed Shrike,145578581,Andrew Whitehouse,songbird
Whooper Swan,65426151,Christoph Moning,geese
Red-crowned Crane,26861581,Ian Davies,egrets
Red-crowned Crane,26861451,Ian Davies,egrets
Narcissus Flycatcher,407215781,Anonymous,wagfantail
Daurian Redstart,104005351,Nick Bonomo,robins
Little Ringed Plover,26854371,Ian Davies,plovers
Brown Dipper,386907401,Saku Saku,mbb
Spoon-billed Sandpiper,70247711,Stuart Price,plovers
Masked Bunting,206003811,Lars Petersson | My World of Bird Photography,lbb
Northern Fulmar,165195751,David Irving,seabirds
Boreal Owl,160389371,yann muzika,owl
Lidth's Jay,26854481,Ian Davies,robins
White's Thrush,535927421,Joji Fujitsuka,ground_mbb
Eurasian Tree Sparrow,518810331,Akinori Miura,lbb
Ochre-rumped Bunting,151822131,yann muzika,lbb
Short-tailed Albatross,318859281,yann muzika,seabirds
Owston's Tit,206021151,Lars Petersson | My World of Bird Photography,tit
Red-flanked Bluetail,532203031,Alexander Kitiashvili,robins
Bald Eagle,307799471,yann muzika,big_raptors
Brown-cheeked Rail,542906091,Alexander Kitiashvili,rail_crake
Matsudaira's Storm-Petrel,354722311,yann muzika,seabirds
Dunlin,291740001,yann muzika,plovers
Dunlin,288142971,yann muzika,plovers
Masked Bunting,65592791,Christoph Moning,lbb
Slaty-backed Gull,26858971,Ian Davies,seabirds
Blue Rock-Thrush,526092641,M Kelly,ground_mbb
Short-tailed Albatross,205935041,John and Jemi Holmes,seabirds
Broad-billed Sandpiper,614680140,Hayato Ishibashi,plovers
Pine Grosbeak,612218548,Avihu Nussbaum,finches
Black-bellied Plover,609656757,Anonymous,plovers
Little Grebe,597974701,Nathan Wall,water_birds
Eurasian Wren,597740191,Nathan Wall,lbb
Eurasian Wren,597740071,Nathan Wall,lbb
Eurasian Wren,597739881,Nathan Wall,lbb
Blue-and-white Flycatcher,597739801,Nathan Wall,wagfantail
Blue-and-white Flycatcher,597739791,Nathan Wall,wagfantail
Blue-and-white Flycatcher,597739781,Nathan Wall,wagfantail
Eurasian Jay,597739191,Nathan Wall,robins
Eurasian Jay,597739051,Nathan Wall,robins
White Wagtail,595589931,Nathan Wall,wagfantail
White Wagtail,595589321,Nathan Wall,wagfantail
Great Cormorant,595588931,Nathan Wall,cormorant
Large-billed Crow,595587851,Nathan Wall,black_white
Gray Heron,595587411,Nathan Wall,herons
Pale Thrush,540637671,Anonymous,ground_mbb
Masked Bunting,536344551,Hiroyuki Tamura,lbb
Lidth's Jay,409489921,Hikawa Takeshi,robins
Owston's Tit,206021121,Lars Petersson | My World of Bird Photography,tit
Ryukyu Flycatcher,206010561,Lars Petersson | My World of Bird Photography,wagfantail
Japanese Pygmy Woodpecker,205519011,Jens Thalund,woodpecker
Japanese Pygmy Woodpecker,205519001,Jens Thalund,woodpecker
Whooper Swan,65426171,Christoph Moning,geese
Great Crested Grebe,26856801,Ian Davies,water_birds
Japanese Cormorant,26854721,Ian Davies,cormorant
Japanese Cormorant,26854711,Ian Davies,cormorant
Pacific Swift,206003821,Lars Petersson | My World of Bird Photography,swallows
Northern Boobook,593368801,Alexander Kitiashvili,owl
Mandarin Duck,541067451,Alexander Kitiashvili,ducks
Bannerman's Shearwater,205935501,John and Jemi Holmes,seabirds
Blue-and-white Flycatcher,566819541,Yacho Mashuu,wagfantail
Meadow Bunting,523495061,Aline Horikawa,lbb
Marsh Grassbird,373703291,Ayuwat Jearwattanakanok,mbb
Marsh Grassbird,373703281,Ayuwat Jearwattanakanok,mbb
Pale Thrush,58995251,Adam Higgins,ground_mbb
Slaty-backed Gull,26858931,Ian Davies,seabirds
Black Scoter,65541761,Christoph Moning,funky_ducks
Brown-eared Bulbul,81717731,Pam Rasmussen,ground_mbb
Crested Ibis,205760941,Phil Gregory | Sicklebill Safaris | www.birder.travel,black_white
Greater White-fronted Goose,26855501,Ian Davies,geese
Japanese Tit,206012211,Lars Petersson | My World of Bird Photography,tit
Long-tailed Rosefinch,32362111,Myles McNally,finches
Brown Dipper,386907351,Saku Saku,mbb
Smew,48888261,Claudine Lamothe,funky_ducks
Japanese Waxwing,278852151,yann muzika,little_colourful_birds
Mute Swan,101541911,Lucas Brook,geese
Northern Boobook,593368041,Alexander Kitiashvili,owl
Brown Booby,206017601,Lars Petersson | My World of Bird Photography,seabirds
Masked Bunting,206004011,Lars Petersson | My World of Bird Photography,lbb
Herring Gull,26858851,Ian Davies,seabirds
Japanese Quail,93563541,German Pugnali,quails
Japanese Tit,206012221,Lars Petersson | My World of Bird Photography,tit
Long-toed Stint,263648481,Stuart Price,hard_waders
Japanese Accentor,206015861,Lars Petersson | My World of Bird Photography,mbb
Pallas's Leaf Warbler,152739861,yann muzika,lbb
Steller's Sea-Eagle,20060841,Ian Davies,big_raptors
Okinawa Woodpecker,561046201,Jeran Lin,woodpecker
Japanese Accentor,549148761,Aline Horikawa,mbb
Gray Bunting,543221461,Alexander Kitiashvili,lbb
Gray Bunting,543221451,Alexander Kitiashvili,lbb
Whistling Green-Pigeon,465205291,Hugo Cobos,pigeons_doves
Gadwall,387625581,Atsushi Shimazaki,ducks
Ijima's Leaf Warbler,353430591,Ayuwat Jearwattanakanok,lbb
Bull-headed Shrike,205713271,Morten Venas,songbird
Eastern Crowned Warbler,205519311,Jens Thalund,lbb
White-cheeked Starling,193780541,Karyne Wee,ground_mbb
Narcissus Flycatcher,128736911,Sharif Uddin,wagfantail
Harlequin Duck,65353971,Christoph Moning,ducks
Amami Thrush,26854491,Ian Davies,ground_mbb
Saunders's Gull,24366331,Ian Davies,seabirds
Ryukyu Minivet,24366091,Ian Davies,robins
Copper Pheasant,205222111,Robert Hutchinson,walking_birds
Long-tailed Jaeger,361238651,yann muzika,seabirds
Little Ringed Plover,26854381,Ian Davies,plovers
Japanese Thrush,562090291,Alexander Kitiashvili,ground_mbb
Tufted Duck,530753931,André  Zambolli,ducks
Blue Rock-Thrush,511163371,Aline Horikawa,ground_mbb
Asian Rosy-Finch,41541521,Ian Davies,finches
Asian Rosy-Finch,41541501,Ian Davies,finches
Japanese Tit,595587041,Nathan Wall,tit
Long-tailed Rosefinch,542906621,Alexander Kitiashvili,finches
Eurasian Woodcock,542905041,Yasuhiro Indo,colourful_waders
Copper Pheasant,538907021,Howard Laidlaw,walking_birds
Red-billed Leiothrix,528819351,Atsushi Shimazaki,little_colourful_birds
Peregrine Falcon,503593021,Alexander Kitiashvili,small_raptors
Lesser Spotted Woodpecker,439141611,Mikiya Oikawa,woodpecker
Pin-tailed Snipe,266995521,yann muzika,colourful_waders
Brown-eared Bulbul,84554321,Weber Tsai,ground_mbb
Yellow-throated Bunting,609495868,Shigeyuki Mukawa,lbb
Desert Wheatear,517774281,Chamitha De Alwis,mbb
Izu Thrush,206023051,Lars Petersson | My World of Bird Photography,ground_mbb
Izu Thrush,206021171,Lars Petersson | My World of Bird Photography,ground_mbb
Japanese Grosbeak,212762081,Kasia & Takashi Someya,finches
Bonin Petrel,205935051,John and Jemi Holmes,seabirds
Bonin White-eye,206017671,Lars Petersson | My World of Bird Photography,lbb
Ring-necked Duck,282938411,yann muzika,ducks
Fairy Pitta,241821571,yann muzika,ground_birds
Mandarin Duck,212164991,Paul Hyde,ducks
Northern Shoveler,204791031,Peter Vercruijsse,ducks
Red-crowned Crane,26861431,Ian Davies,egrets
Harlequin Duck,26858791,Ian Davies,ducks
Tufted Duck,26854851,Ian Davies,ducks
Rock Ptarmigan,588778211,Jen Wei Yip,quails
Eurasian Oystercatcher,557396331,Kasia & Takashi Someya,plovers
Russet Sparrow,552025911,Alexander Kitiashvili,lbb
Japanese Woodpecker,532199671,Alexander Kitiashvili,woodpecker
Osprey,490804571,Alexander Kitiashvili,big_raptors
White Wagtail,423826151,Mikiya Oikawa,wagfantail
Brown Dipper,386907741,Saku Saku,mbb
Siberian Blue Robin,335518021,Saku Saku,robins
American Pipit,319415821,Ayuwat Jearwattanakanok,mbb
Chinese Bamboo-Partridge,313466361,Anonymous,quails
Eurasian Tree Sparrow,275095831,Daniel Grossi,lbb
Dusky Thrush,243192431,yann muzika,ground_mbb
Warbling White-eye,211603231,Paul Hyde,lbb
Narcissus Flycatcher,206024791,Lars Petersson | My World of Bird Photography,wagfantail
Narcissus Flycatcher,206024781,Lars Petersson | My World of Bird Photography,wagfantail
Narcissus Flycatcher,206024771,Lars Petersson | My World of Bird Photography,wagfantail
Eurasian Nuthatch,205669941,Chun Fai LO,lbb
Rock Ptarmigan,205429151,Kasia & Takashi Someya,quails
White-cheeked Starling,204791071,Peter Vercruijsse,ground_mbb
Japanese Leaf Warbler,124258941,Lasse Olsson,lbb
White-naped Crane,65589561,Christoph Moning,egrets
White-tailed Eagle,26861361,Ian Davies,big_raptors
Black Kite,26861291,Ian Davies,big_raptors
White-tailed Eagle,26859451,Ian Davies,big_raptors
Glaucous-winged Gull,26859211,Ian Davies,seabirds
Blakiston's Fish-Owl,26858581,Ian Davies,owl
Ryukyu Robin,26854251,Ian Davies,robins
Okinawa Robin,206010621,Lars Petersson | My World of Bird Photography,robins
Japanese Murrelet,65587881,Christoph Moning,puffin_and_co
Okinawa Woodpecker,24365441,Ian Davies,woodpecker
Siberian Crane,612543513,H. Y.,egrets
Blue Rock-Thrush,608778934,André  Zambolli,ground_mbb
Far Eastern Curlew,563465091,yann muzika,hard_waders
Eurasian Bullfinch,206005241,Lars Petersson | My World of Bird Photography,finches
Hoary Redpoll,196900131,yann muzika,lbb
Green Pheasant,26854951,Ian Davies,walking_birds
Japanese Murrelet,241114501,yann muzika,puffin_and_co
Eurasian Jay,65428361,Christoph Moning,robins
Asian Rosy-Finch,206256981,Stu Elsom,finches
Pleske's Grasshopper Warbler,206021021,Lars Petersson | My World of Bird Photography,lbb
Ryukyu Minivet,206014161,Lars Petersson | My World of Bird Photography,robins
Amur Stonechat,206002441,Lars Petersson | My World of Bird Photography,little_colourful_birds
Lidth's Jay,205033621,Josep del Hoyo,robins
Pale Thrush,26853971,Ian Davies,ground_mbb
Japanese Wagtail,150432451,Atsushi Shimazaki,wagfantail
Copper Pheasant,140235511,Paul Koker,walking_birds
Long-tailed Duck,88020361,Kantori Birders,ducks
Ruddy Kingfisher,206010581,Lars Petersson | My World of Bird Photography,kingfishers
Northern Shoveler,65592731,Christoph Moning,ducks
White-backed Woodpecker,41407461,Ian Davies,woodpecker
Common Kingfisher,583086071,Hiroyuki Tamura,kingfishers
Iriomote Tit,262619521,Giambi (鈞弼) Chang (張),tit
White-backed Woodpecker,103440681,Anonymous,woodpecker
Great Egret,61779101,Adam Higgins,egrets
Black-headed Gull,26858811,Ian Davies,seabirds
Little Grebe,516358381,Hiroyuki Tamura,water_birds
Ural Owl,359084251,Julie Edgley,owl
Large-billed Crow,204791011,Peter Vercruijsse,black_white
White-backed Woodpecker,206010551,Lars Petersson | My World of Bird Photography,woodpecker
Brown Shrike,543220591,Anthony Schlencker,songbird
Glaucous-winged Gull,65437751,Christoph Moning,seabirds
Glaucous Gull,52795011,James (Jim) Holmes,seabirds
Warbling White-eye,49799941,André Desrochers,lbb
Amami Woodcock,103440941,Anonymous,colourful_waders
Sandhill Crane,613094850,yann muzika,egrets
Gray-streaked Flycatcher,612789834,Yann Kolbeinsson,wagfantail
Siberian Accentor,609743793,Chamitha De Alwis,mbb
Common Ringed Plover,609731715,Hikawa Takeshi,plovers
Bar-tailed Godwit,609091865,Eamon Riordan-Short,hard_waders
Bar-tailed Godwit,609091858,Eamon Riordan-Short,hard_waders
Red-necked Stint,609091843,Eamon Riordan-Short,hard_waders
Fairy Pitta,608352034,Aline Horikawa,ground_birds
Japanese Tit,597971541,Nathan Wall,tit
Garganey,550911391,Alexander Kitiashvili,ducks
Blue Rock-Thrush,550909041,Alexander Kitiashvili,ground_mbb
Bohemian Waxwing,546003371,Alexander Kitiashvili,little_colourful_birds
Naumann's Thrush,543220111,Alexander Kitiashvili,ground_mbb
Naumann's Thrush,543219971,Alexander Kitiashvili,ground_mbb
Naumann's Thrush,543219961,Alexander Kitiashvili,ground_mbb
Naumann's Thrush,543219951,Alexander Kitiashvili,ground_mbb
Naumann's Thrush,543219941,Alexander Kitiashvili,ground_mbb
Smew,542905461,Alexander Kitiashvili,funky_ducks
Red-flanked Bluetail,541067141,Alexander Kitiashvili,robins
Eurasian Tree Sparrow,535362371,André  Zambolli,lbb
Black-crowned Night Heron,532199321,Alexander Kitiashvili,herons
Rustic Bunting,530084861,Alexander Kitiashvili,lbb
Baikal Teal,530082941,Alexander Kitiashvili,ducks
Brown Dipper,513460541,Xiaoni Xu,mbb
Eurasian Wryneck,499881031,Alexander Kitiashvili,mbb
Brambling,434973371,Alexander Kitiashvili,lbb
Common Pochard,433441091,Alexander Kitiashvili,ducks
Chinese Bamboo-Partridge,401009691,Hikawa Takeshi,quails
Gray Bunting,385432881,Saku Saku,lbb
Masked Booby,347094541,yann muzika,seabirds
Japanese Waxwing,338871191,Koji  Tagi,little_colourful_birds
Red-breasted Flycatcher,316385551,Saku Saku,wagfantail
Okinawa Robin,206012381,Lars Petersson | My World of Bird Photography,robins
Ryukyu Flycatcher,206010571,Lars Petersson | My World of Bird Photography,wagfantail
Common Gull,205713411,Morten Venas,little_colourful_birds
Pacific Swift,205527241,Jens Thalund,swallows
Japanese Pygmy Woodpecker,205518991,Jens Thalund,woodpecker
Large-billed Crow,205160311,Christophe Gouraud,black_white
Whooper Swan,65426201,Christoph Moning,geese
Red-crowned Crane,65328411,Christoph Moning,egrets
Black Kite,26861311,Ian Davies,big_raptors
White-naped Crane,26856571,Ian Davies,egrets
White-naped Crane,20060711,Ian Davies,egrets
White-naped Crane,20060681,Ian Davies,egrets
Japanese Murrelet,241114491,yann muzika,puffin_and_co
Okinawa Robin,610616628,Yann Kolbeinsson,robins
Ruddy Kingfisher,572954351,Kubo Naoki,kingfishers
Yellow-browed Bunting,568039161,Alexander Kitiashvili,lbb
Gray Bunting,543221471,Alexander Kitiashvili,lbb
Japanese Grosbeak,402870421,Alexander Kitiashvili,finches
Long-tailed Jaeger,361238631,yann muzika,seabirds
Izu Thrush,353430631,Ayuwat Jearwattanakanok,ground_mbb
Rock Pigeon,306052301,Atsushi Shimazaki,pigeons_doves
Japanese Murrelet,208258301,Charley Hesse TROPICAL BIRDING,puffin_and_co
Eurasian Jay,205715841,Morten Venas,robins
Red-billed Starling,142294661,Kasia & Takashi Someya,ground_mbb
Lesser Spotted Woodpecker,136692231,Stuart Price,woodpecker
Masked Bunting,521190541,Anonymous,lbb
Izu Thrush,206021111,Lars Petersson | My World of Bird Photography,ground_mbb
Taiga Bean-Goose,109383871,John Lewis,geese
Amur Stonechat,206002421,Lars Petersson | My World of Bird Photography,little_colourful_birds
Green Pheasant,61352831,Shane Dollman,walking_birds
Pallas's Rosefinch,137183811,Charley Hesse TROPICAL BIRDING,finches
Gray-faced Buzzard,26854271,Ian Davies,big_raptors
Common Snipe,547505581,Alexander Kitiashvili,colourful_waders
Ochre-rumped Bunting,206000941,Lars Petersson | My World of Bird Photography,lbb
Malayan Night Heron,609084033,Lars Skalnes,herons
Matsudaira's Storm-Petrel,205934991,John and Jemi Holmes,seabirds
Meadow Bunting,81669211,Pam Rasmussen,lbb
Japanese Cormorant,65587841,Christoph Moning,cormorant
White-bellied Green-Pigeon,547567611,Morten Lisse,pigeons_doves
Red-breasted Merganser,110435871,Yasuhiko Komatsu,funky_ducks
Pale Thrush,89403741,Karyne Wee,ground_mbb
Green Pheasant,53478121,Michael Hatton,walking_birds
Warbling White-eye,47305951,William Hull,lbb
Red-necked Stint,609091896,Eamon Riordan-Short,hard_waders
Izu Robin,585267841,Simon Colenutt,robins
Masked Bunting,534105581,Anonymous,lbb
Masked Bunting,532224431,Hiroyuki Tamura,lbb
Little Stint,530124981,Takashi Ogawa,hard_waders
Japanese Woodpecker,501405071,Alexander Kitiashvili,woodpecker
Japanese Scops-Owl,458726951,Atsushi Shimazaki,owl
Yellow-browed Bunting,445127751,Alexander Kitiashvili,lbb
Solitary Snipe,416949981,Mikiya Oikawa,colourful_waders
Eurasian Skylark,382850641,Ayuwat Jearwattanakanok,mbb
Bannerman's Shearwater,354724311,yann muzika,seabirds
Matsudaira's Storm-Petrel,354722301,yann muzika,seabirds
Japanese Woodpecker,255540871,Fumihiro Semba,woodpecker
White Wagtail,206002541,Lars Petersson | My World of Bird Photography,wagfantail
Great Spotted Woodpecker,205715631,Morten Venas,woodpecker
Japanese Pygmy Woodpecker,205518781,Jens Thalund,woodpecker
Green-winged Teal,200493921,Anonymous,ducks
Black-faced Spoonbill,136584781,Stuart Price,egrets
Japanese Grosbeak,83096191,Will Cornwell,finches
White-tailed Eagle,25517301,James (Jim) Holmes,big_raptors
Little Egret,61873651,George Inocencio,egrets
Ancient Murrelet,205713351,Morten Venas,puffin_and_co
Ural Owl,144565191,Joseph Morlan,owl
Turkey Vulture,98358921,hisano seiichi,big_raptors
Long-tailed Rosefinch,26855201,Ian Davies,finches
Black Wood-Pigeon,22143451,Kasia & Takashi Someya,pigeons_doves
Bohemian Waxwing,546003341,Alexander Kitiashvili,little_colourful_birds
Meadow Bunting,528817561,Atsushi Shimazaki,lbb
Red-legged Kittiwake,267381751,Stuart Price,seabirds
Latham's Snipe,206003911,Lars Petersson | My World of Bird Photography,colourful_waders
Oriental Turtle-Dove,608714174,Breck Haining,pigeons_doves
Japanese Accentor,206015851,Lars Petersson | My World of Bird Photography,mbb
Japanese Leaf Warbler,206015811,Lars Petersson | My World of Bird Photography,lbb
Ryukyu Minivet,206012241,Lars Petersson | My World of Bird Photography,robins
Pacific Swift,206002601,Lars Petersson | My World of Bird Photography,swallows
Japanese Leaf Warbler,205043441,Josep del Hoyo,lbb
Common Gull,41541641,Ian Davies,seabirds
Red-necked Stint,609091895,Eamon Riordan-Short,hard_waders
Red-rumped Swallow,608418201,Dmitriy Aronov,swallows
Northern Boobook,593368051,Alexander Kitiashvili,owl
Greater Scaup,274872691,Su Li,ducks
Stejneger's Scoter,213888211,Anonymous,funky_ducks
Coal Tit,206015891,Lars Petersson | My World of Bird Photography,tit
Coal Tit,206015881,Lars Petersson | My World of Bird Photography,tit
Latham's Snipe,206005261,Lars Petersson | My World of Bird Photography,colourful_waders
Glaucous Gull,205715951,Morten Venas,seabirds
Japanese Wagtail,205713211,Morten Venas,wagfantail
Whooper Swan,205683931,AUDEVARD Aurélien,geese
Japanese Sparrowhawk,123600371,Yasuhiko Komatsu,big_raptors
Okinawa Robin,206012351,Lars Petersson | My World of Bird Photography,robins
Great Knot,241113621,yann muzika,hard_waders
Asian Rosy-Finch,85001181,Kantori Birders,finches
Brambling,539994191,Anonymous,lbb
Eurasian Wigeon,203849611,Charley Hesse TROPICAL BIRDING,ducks
Varied Tit,384676871,Allen Lyu,tit
Bald Eagle,307799541,yann muzika,big_raptors
Iceland Gull,307798271,yann muzika,seabirds
Ijima's Leaf Warbler,206023061,Lars Petersson | My World of Bird Photography,lbb
Izu Thrush,206021161,Lars Petersson | My World of Bird Photography,ground_mbb
Ruddy-breasted Crake,206001021,Lars Petersson | My World of Bird Photography,rail_crake
Little Ringed Plover,58495211,Timothy Spahr,plovers
Short-tailed Albatross,48029271,Nigel Voaden,seabirds
Steller's Sea-Eagle,20060831,Ian Davies,big_raptors
Japanese Tit,385974511,Saku Saku,tit
Japanese Robin,583145311,Simon Colenutt,robins
Osprey,568039891,Alexander Kitiashvili,big_raptors
Chestnut-cheeked Starling,567941501,Alexander Kitiashvili,ground_mbb
Yellow-billed Grosbeak,88329411,German Pugnali,finches
Greater Scaup,65437721,Christoph Moning,ducks
Yellow Bittern,614776536,Hayato Ishibashi,herons
Oriental Pratincole,609715424,Aline Horikawa,misc
Red-necked Stint,609312457,Faye Manning,hard_waders
Eurasian Bullfinch,598680111,Shigeyuki Mukawa,finches
Little Egret,597774761,Louise Thomas,egrets
Green Pheasant,588927521,André  Zambolli,walking_birds
Okinawa Robin,561046241,Jeran Lin,robins
Little Ringed Plover,547381701,Anonymous,plovers
Eared Grebe,543554041,Hikawa Takeshi,water_birds
Short-eared Owl,542073891,roco k,owl
Coal Tit,541070201,Alexander Kitiashvili,tit
Smew,538216771,Alexander Kitiashvili,funky_ducks
Japanese Scops-Owl,535892621,Charley Hesse TROPICAL BIRDING,owl
Lidth's Jay,535887921,Charley Hesse TROPICAL BIRDING,robins
Red-breasted Flycatcher,531775711,Takashi Ogawa,wagfantail
Red-flanked Bluetail,531738581,Atsushi Shimazaki,robins
Dusky Thrush,529255631,Sandy Luk,ground_mbb
Chinese Bamboo-Partridge,524992721,Ray Wise,quails
Large-billed Crow,493491721,Anonymous,black_white
Eurasian Tree Sparrow,448654921,Wind K,lbb
Eurasian Kestrel,423676711,Taro Seike,small_raptors
Eurasian Woodcock,419746251,Aline Horikawa,colourful_waders
Eurasian Hobby,417191351,Hinata Kawamori,small_raptors
Tufted Duck,382846641,Ayuwat Jearwattanakanok,ducks
Tufted Duck,382846631,Ayuwat Jearwattanakanok,ducks
Tufted Duck,382846621,Ayuwat Jearwattanakanok,ducks
Common Pochard,382846521,Ayuwat Jearwattanakanok,ducks
Ural Owl,379732631,yann muzika,owl
Owston's Tit,377446731,Philip Rowe,tit
Bannerman's Shearwater,354721231,yann muzika,seabirds
Bannerman's Shearwater,354721221,yann muzika,seabirds
Izu Thrush,353430601,Ayuwat Jearwattanakanok,ground_mbb
American Pipit,319415871,Ayuwat Jearwattanakanok,mbb
American Pipit,319415861,Ayuwat Jearwattanakanok,mbb
Baer's Pochard,261516841,yann muzika,ducks
Northern Fulmar,253363181,yann muzika,seabirds
White Wagtail,253219341,yann muzika,wagfantail
Ural Owl,243082881,yann muzika,owl
Blue-and-white Flycatcher,206023311,Lars Petersson | My World of Bird Photography,wagfantail
Eurasian Skylark,206002591,Lars Petersson | My World of Bird Photography,mbb
Black-browed Reed Warbler,206002571,Lars Petersson | My World of Bird Photography,lbb
Japanese Bush Warbler,203836531,Atsushi Shimazaki,lbb
Green Pheasant,173009501,Eric Haskell,walking_birds
White-shouldered Starling,143761341,Kasia & Takashi Someya,ground_mbb
Pallas's Rosefinch,133211641,Anonymous,finches
White's Thrush,53276591,Rick Franks,ground_mbb
Japanese Accentor,49823241,Christoph Moning,mbb
White-tailed Eagle,26861341,Ian Davies,big_raptors
Bohemian Waxwing,26860701,Ian Davies,little_colourful_birds
Common Gull,26858831,Ian Davies,seabirds
Hooded Crane,26856881,Ian Davies,egrets
Steller's Sea-Eagle,25910481,Pam Rasmussen,big_raptors
Ochre-rumped Bunting,206000951,Lars Petersson | My World of Bird Photography,lbb
Long-tailed Tit,609447880,Anonymous,tit
Eastern Buzzard,531374871,Atsushi Shimazaki,big_raptors
Iceland Gull,307798251,yann muzika,seabirds
Northern Boobook,206012301,Lars Petersson | My World of Bird Photography,owl
Ryukyu Minivet,206012251,Lars Petersson | My World of Bird Photography,robins
Carrion Crow,194475261,Atsushi Shimazaki,black_white
Falcated Duck,59573531,Adam Higgins,ducks
Wedge-tailed Shearwater,52877871,James (Jim) Holmes,seabirds
Wedge-tailed Shearwater,52877801,James (Jim) Holmes,seabirds
Tufted Duck,26854861,Ian Davies,ducks
Falcated Duck,143143641,yann muzika,ducks
Japanese Night Heron,613497087,Donna Pomeroy,herons
Black-tailed Gull,206021001,Lars Petersson | My World of Bird Photography,seabirds
Streaked Shearwater,206017541,Lars Petersson | My World of Bird Photography,seabirds
Okinawa Rail,205864581,Pete Morris,rail_crake
Japanese Waxwing,549272141,Alexander Kitiashvili,little_colourful_birds
Red-flanked Bluetail,523508251,Yacho Mashuu,robins
Matsudaira's Storm-Petrel,354723951,yann muzika,seabirds
Great Spotted Woodpecker,291940961,yann muzika,woodpecker
Black-winged Cuckooshrike,288139471,yann muzika,cuckoos
Ryukyu Flycatcher,245302411,yann muzika,wagfantail
Ochre-rumped Bunting,241120601,yann muzika,lbb
Claudia's Leaf Warbler,139192021,Kasia & Takashi Someya,lbb
Ferruginous Duck,137333521,Kantori Birders,ducks
Japanese Tit,33105811,Andrew Spencer,tit
Smew,49777661,Kantori Birders,funky_ducks
Olive-backed Pipit,509815441,Anonymous,mbb
Bryan's Shearwater,341430271,yann muzika,seabirds
Black-faced Spoonbill,288144251,yann muzika,egrets
Warbling White-eye,63556571,Jeff Graham,lbb
Ijima's Leaf Warbler,206021081,Lars Petersson | My World of Bird Photography,lbb
Black-faced Spoonbill,206014151,Lars Petersson | My World of Bird Photography,egrets
Japanese Wagtail,205817351,Chris Chafer,wagfantail
Eurasian Bullfinch,205043491,Josep del Hoyo,finches
Izu Thrush,205030151,Josep del Hoyo,ground_mbb
Daurian Redstart,26858421,Ian Davies,robins
Tristram's Storm-Petrel,107736531,yann muzika,seabirds
Eurasian Wigeon,203849591,Charley Hesse TROPICAL BIRDING,ducks
Asian Rosy-Finch,20060771,Ian Davies,finches
Brown-cheeked Rail,542906081,Alexander Kitiashvili,rail_crake
Lidth's Jay,206010531,Lars Petersson | My World of Bird Photography,robins
Bannerman's Shearwater,205935511,John and Jemi Holmes,seabirds
Gray Bunting,205745831,Irene  Dy,lbb
Japanese Night Heron,613497080,Donna Pomeroy,herons
Japanese Waxwing,544198171,André  Zambolli,little_colourful_birds
White's Thrush,534230581,Atsushi Shimazaki,ground_mbb
Japanese Woodpecker,501465411,Hiroyuki Tamura,woodpecker
Gray Heron,421828941,Seiichiro Kinugasa,herons
Japanese Bush Warbler,396350321,Alexander Kitiashvili,lbb
Dusky Thrush,208751131,Paul Hyde,ground_mbb
Izu Robin,206021041,Lars Petersson | My World of Bird Photography,robins
Varied Tit,206010491,Lars Petersson | My World of Bird Photography,tit
White-winged Scoter,205715911,Morten Venas,funky_ducks
Pacific Swift,205527251,Jens Thalund,swallows
Lesser White-fronted Goose,138884341,Anonymous,geese
Little Grebe,111174401,Eric Haskell,water_birds
Eurasian Coot,85154111,Anonymous,water_birds
Brown-cheeked Rail,65591121,Christoph Moning,rail_crake
Warbling White-eye,59853571,Karyne Wee,lbb
Japanese Waxwing,549272111,Alexander Kitiashvili,little_colourful_birds
Black-faced Spoonbill,104006281,Nick Bonomo,egrets
Eurasian Nuthatch,65439821,Christoph Moning,lbb
Oriental Greenfinch,550457501,Yifei Zheng,finches
Japanese Waxwing,549272121,Alexander Kitiashvili,little_colourful_birds
Daurian Redstart,275210651,yann muzika,robins
Pin-tailed Snipe,266995581,yann muzika,colourful_waders
Brambling,76327781,Eric VanderWerf,lbb
Herring Gull,61924231,Adam Higgins,seabirds
Ross's Gull,198560491,yann muzika,seabirds
Brown-eared Bulbul,92243211,Will Cornwell,ground_mbb
Warbling White-eye,63556551,Jeff Graham,lbb
Bull-headed Shrike,614691338,Anonymous,songbird
Copper Pheasant,613258381,yann muzika,walking_birds
Mandarin Duck,612875788,Joshua Chong,ducks
Willow Tit,612330168,Joshua Chong,tit
Ryukyu Scops-Owl,611310678,Yann Kolbeinsson,owl
Red-legged Kittiwake,609772281,yann muzika,seabirds
Red-legged Kittiwake,609772279,yann muzika,seabirds
Red-necked Stint,609121793,Eamon Riordan-Short,hard_waders
Long-billed Plover,609001801,sheau torng lim,plovers
Little Egret,608813822,Masaharu Inada,egrets
Red Knot,608455672,Kasia & Takashi Someya,hard_waders
Japanese Leaf Warbler,608393376,Anonymous,lbb
Wedge-tailed Shearwater,600836021,Yasuhiko Komatsu,seabirds
Rock Ptarmigan,596255141,Yuya Okuzaki,quails
Red-necked Grebe,593542671,Kasia & Takashi Someya,water_birds
Horned Grebe,592550441,Simon Colenutt,water_birds
Rock Ptarmigan,589311431,Jen Wei Yip,quails
Okinawa Woodpecker,582777941,Yasuhiko Komatsu,woodpecker
Varied Tit,578497681,u7 Liao,tit
Wandering Tattler,573460261,Hikawa Takeshi,hard_waders
Asian Brown Flycatcher,570945721,Yacho Mashuu,wagfantail
Northern Wheatear,566811271,Chamitha De Alwis,mbb
Crested Ibis,553405871,Yi Ming（逸明） Chen（陳）,black_white
Crested Ibis,553405861,Yi Ming（逸明） Chen（陳）,black_white
Japanese Waxwing,544491321,としふみ しみず,little_colourful_birds
Osprey,543892581,Alexander Kitiashvili,big_raptors
Crested Myna,543889711,Alexander Kitiashvili,ground_mbb
Red-crested Pochard,543108581,Kasia & Takashi Someya,ducks
Mute Swan,542906281,Alexander Kitiashvili,geese
Smew,542905451,Alexander Kitiashvili,funky_ducks
Common Kingfisher,541067761,Alexander Kitiashvili,kingfishers
White's Thrush,541067501,Alexander Kitiashvili,ground_mbb
Red-flanked Bluetail,541067131,Alexander Kitiashvili,robins
Common Kingfisher,541066631,Alexander Kitiashvili,kingfishers
Baer's Pochard,538215691,Alexander Kitiashvili,ducks
Short-eared Owl,533885621,Yacho Mashuu,owl
Warbling White-eye,531635481,Paul Block,lbb
Masked Bunting,531371271,Atsushi Shimazaki,lbb
Dusky Thrush,531053611,Atsushi Shimazaki,ground_mbb
Baikal Teal,530082931,Alexander Kitiashvili,ducks
Willow Tit,528806121,Atsushi Shimazaki,tit
Russet Sparrow,528044051,Atsushi Shimazaki,lbb
Eurasian Goshawk,527708641,Atsushi Shimazaki,big_raptors
Red-billed Leiothrix,526425141,Alexander Kitiashvili,little_colourful_birds
Eurasian Wigeon,524755041,Atsushi Shimazaki,ducks
Iriomote Tit,523406201,Kasia & Takashi Someya,tit
Peregrine Falcon,503584381,Alexander Kitiashvili,small_raptors
Peregrine Falcon,503584201,Alexander Kitiashvili,small_raptors
Eurasian Wryneck,499880791,Alexander Kitiashvili,mbb
Russet Sparrow,499301221,Alexander Kitiashvili,lbb
Dark-sided Flycatcher,492689201,Alexander Kitiashvili,wagfantail
Varied Tit,489245321,Anonymous,tit
Amur Stonechat,487643721,Alexander Kitiashvili,little_colourful_birds
Eastern Spot-billed Duck,481392861,K Togo,ducks
Crested Serpent-Eagle,469954071,Hugo Cobos,big_raptors
Mandarin Duck,460141341,Aline Horikawa,ducks
Narcissus Flycatcher,455824861,Anonymous,wagfantail
Brown Dipper,454367041,Alexander Kitiashvili,mbb
Little Bunting,445129601,Alexander Kitiashvili,lbb
Little Bunting,445129581,Alexander Kitiashvili,lbb
Chinese Pond-Heron,445128801,Alexander Kitiashvili,herons
Yellow-browed Bunting,445127781,Alexander Kitiashvili,lbb
Brown Shrike,445127441,Alexander Kitiashvili,songbird
Brown Shrike,445127301,Alexander Kitiashvili,songbird
Pacific Swallow,445127171,Alexander Kitiashvili,swallows
Black-faced Spoonbill,445126321,Alexander Kitiashvili,egrets
Black-faced Spoonbill,445124411,Alexander Kitiashvili,egrets
Black-faced Spoonbill,445124391,Alexander Kitiashvili,egrets
Kentish Plover,445123591,Alexander Kitiashvili,plovers
Kentish Plover,445123581,Alexander Kitiashvili,plovers
Japanese Scops-Owl,415653901,Zbigniew Swiacki,owl
Red-flanked Bluetail,413460901,Hidetoshi Inoue,robins
White-bellied Green-Pigeon,385686071,Hidetoshi Inoue,pigeons_doves
Arctic Loon,382828411,Ayuwat Jearwattanakanok,puffin_and_co
Arctic Loon,382828401,Ayuwat Jearwattanakanok,puffin_and_co
Red-breasted Flycatcher,275204571,yann muzika,wagfantail
Ural Owl,247354281,yann muzika,owl
Lesser Black-backed Gull,243192171,yann muzika,seabirds
Lesser Black-backed Gull,243192151,yann muzika,seabirds
Lesser Black-backed Gull,243192131,yann muzika,seabirds
Fairy Pitta,241821581,yann muzika,ground_birds
Green-winged Teal,219924781,Ayuwat Jearwattanakanok,ducks
Great Cormorant,208850791,Ashley PK,cormorant
Great Cormorant,208850721,Ashley PK,cormorant
Pallas's Rosefinch,208475331,Charley Hesse TROPICAL BIRDING,finches
Pallas's Rosefinch,208475291,Charley Hesse TROPICAL BIRDING,finches
Varied Tit,208474951,Charley Hesse TROPICAL BIRDING,tit
Varied Tit,206023261,Lars Petersson | My World of Bird Photography,tit
Varied Tit,206012371,Lars Petersson | My World of Bird Photography,tit
Brown-eared Bulbul,206012271,Lars Petersson | My World of Bird Photography,ground_mbb
Varied Tit,206010501,Lars Petersson | My World of Bird Photography,tit
Eurasian Skylark,206002581,Lars Petersson | My World of Bird Photography,mbb
Olive-backed Pipit,205715691,Morten Venas,mbb
Meadow Bunting,205713221,Morten Venas,lbb
Whooper Swan,205683941,AUDEVARD Aurélien,geese
Malayan Night Heron,205511291,Jens Thalund,herons
Japanese Pygmy Woodpecker,204791061,Peter Vercruijsse,woodpecker
Brown-eared Bulbul,204791041,Peter Vercruijsse,ground_mbb
Brown-eared Bulbul,204332731,Hal and Kirsten Snyder,ground_mbb
Bohemian Waxwing,203449861,Stuart Price,little_colourful_birds
Okinawa Robin,190565971,Supaporn Teamwong,robins
Falcated Duck,187512271,Richard Dunn,ducks
White-rumped Sandpiper,173386301,Kasia & Takashi Someya,plovers
White's Thrush,104005471,Nick Bonomo,ground_mbb
Okinawa Robin,33106191,Andrew Spencer,robins
Blakiston's Fish-Owl,32362341,Myles McNally,owl
Red-crowned Crane,26861491,Ian Davies,egrets
Hooded Crane,26856911,Ian Davies,egrets
White-naped Crane,26856851,Ian Davies,egrets
Hooded Crane,26856621,Ian Davies,egrets
Hooded Crane,20060761,Ian Davies,egrets
Hooded Crane,20060741,Ian Davies,egrets
Slaty-backed Gull,26858901,Ian Davies,seabirds
Great Knot,241113611,yann muzika,hard_waders
Japanese Sparrowhawk,123600381,Yasuhiko Komatsu,big_raptors
Turkey Vulture,98359481,hisano seiichi,big_raptors
Izu Thrush,81708221,Pam Rasmussen,ground_mbb
Northern Pintail,145578461,Andrew Whitehouse,ducks
Japanese Quail,198553321,yann muzika,quails
White-cheeked Starling,610984357,James Patten,ground_mbb
Japanese Tit,609628141,Anonymous,tit
Zitting Cisticola,603326491,André  Zambolli,mbb
Red-necked Grebe,593575251,Kasia & Takashi Someya,water_birds
Eurasian Kestrel,593369681,Masaharu Inada,small_raptors
Marsh Tit,589570081,としふみ しみず,tit
Japanese Waxwing,549272151,Alexander Kitiashvili,little_colourful_birds
Japanese Waxwing,542979941,toshiaki sasama,little_colourful_birds
Eurasian Kestrel,486090631,Alexander Kitiashvili,small_raptors
Narcissus Flycatcher,449488161,Anonymous,wagfantail
Pacific Reef-Heron,388611191,Hidetoshi Inoue,herons
Eurasian Tree Sparrow,385975301,Atsushi Shimazaki,lbb
Northern Boobook,384828141,Saku Saku,owl
Copper Pheasant,378344381,yann muzika,walking_birds
Black-crowned Night Heron,375680441,eugene cheah,herons
Japanese Scops-Owl,299485881,kunitarou miyagi,owl
Meadow Bunting,291923291,yann muzika,lbb
Northern Pintail,291739821,yann muzika,ducks
Streaked Shearwater,253224191,yann muzika,seabirds
Fairy Pitta,241821541,yann muzika,ground_birds
Japanese Night Heron,207473151,Bryan Shirley,herons
Northern Pintail,203849671,Charley Hesse TROPICAL BIRDING,ducks
Pallas's Rosefinch,197359791,Anonymous,finches
White-throated Rock-Thrush,179391581,Kasia & Takashi Someya,ground_mbb
Siberian Rubythroat,167885371,Amar-Singh HSS,ground_mbb
Canvasback,143245991,yann muzika,funky_ducks
Goldcrest,141380911,Atsushi Shimazaki,little_colourful_birds
Pallas's Rosefinch,137183791,Charley Hesse TROPICAL BIRDING,finches
Amur Falcon,136691431,Stuart Price,small_raptors
Pine Bunting,136689691,Stuart Price,lbb
Pallas's Rosefinch,133086281,Anonymous,finches
Common Kingfisher,132782691,Anonymous,kingfishers
Black-tailed Gull,128612051,Steven Kurniawidjaja,seabirds
Little Ringed Plover,97281421,Anonymous,plovers
Japanese Pygmy Woodpecker,92137261,camake OD,woodpecker
Japanese Accentor,84741701,Charley Hesse TROPICAL BIRDING,mbb
Short-tailed Albatross,48029241,Nigel Voaden,seabirds
Blakiston's Fish-Owl,32362351,Myles McNally,owl
White Wagtail,29678191,Kasia & Takashi Someya,wagfantail
Slaty-backed Gull,26859911,Ian Davies,seabirds
Green Sandpiper,26776071,Ian Davies,plovers
Gray Heron,20060691,Ian Davies,herons
Japanese Quail,93560631,German Pugnali,quails
Black-naped Oriole,523760841,Atsushi Shimazaki,honeyeaters
Brown Booby,255414001,yann muzika,seabirds
Ijima's Leaf Warbler,206023081,Lars Petersson | My World of Bird Photography,lbb
Ijima's Leaf Warbler,206023071,Lars Petersson | My World of Bird Photography,lbb
Crested Serpent-Eagle,206012431,Lars Petersson | My World of Bird Photography,big_raptors
Asian Rosy-Finch,205681821,AUDEVARD Aurélien,finches
White-backed Woodpecker,205033681,Josep del Hoyo,woodpecker
Tufted Puffin,143255241,yann muzika,puffin_and_co
Saunders's Gull,100919631,Stuart Price,seabirds
Greater Scaup,84738811,Anonymous,ducks
Dusky Thrush,83257871,Anonymous,ground_mbb
Siberian Crane,76667371,Eric VanderWerf,egrets
Japanese Pygmy Woodpecker,53378611,Rick Franks,woodpecker
Red-crowned Crane,41541531,Ian Davies,egrets
White Wagtail,26858541,Ian Davies,wagfantail
Saunders's Gull,24366371,Ian Davies,seabirds
Copper Pheasant,206203011,Jordi Sargatal Vicens,walking_birds
Bohemian Waxwing,546003381,Alexander Kitiashvili,little_colourful_birds
Bohemian Waxwing,546003351,Alexander Kitiashvili,little_colourful_birds
White-backed Woodpecker,204130291,Yu Ching Tam,woodpecker
Copper Pheasant,206015961,Lars Petersson | My World of Bird Photography,walking_birds
Green-winged Teal,219925021,Ayuwat Jearwattanakanok,ducks
Gray Heron,205033791,Josep del Hoyo,herons
Blue Rock-Thrush,26855401,Ian Davies,ground_mbb
Yellow Bunting,206023201,Lars Petersson | My World of Bird Photography,lbb
Amur Stonechat,206002431,Lars Petersson | My World of Bird Photography,little_colourful_birds
Yellow-rumped Flycatcher,205429051,Kasia & Takashi Someya,wagfantail
Sakhalin Grasshopper Warbler,205519041,Jens Thalund,lbb
Eyebrowed Thrush,609916417,Tomoaki Ohta,ground_mbb
Siberian Crane,76667291,Eric VanderWerf,egrets
Ross's Gull,198560551,yann muzika,seabirds
Long-tailed Tit,58877851,Adam Higgins,tit
Common Ringed Plover,518446231,Atsushi Shimazaki,plovers
Oriental Turtle-Dove,545880741,Anonymous,pigeons_doves
Common Kingfisher,613073325,Oliver Huang,kingfishers
White's Thrush,541066771,Alexander Kitiashvili,ground_mbb
Long-tailed Tit,519348071,kanta m,tit
Falcated Duck,518484291,André  Zambolli,ducks
Middendorff's Grasshopper Warbler,496810861,Kasia & Takashi Someya,lbb
Peregrine Falcon,472718101,toshiaki sasama,small_raptors
Asian Brown Flycatcher,471957041,Yasuhiro Indo,wagfantail
Great Cormorant,469156021,Hiromi Arima,cormorant
Mallard,427278891,Yuya Okuzaki,ducks
Cackling Goose,426523951,Atsushi Shimazaki,geese
Eurasian Bullfinch,395241051,Ayuwat Jearwattanakanok,finches
Mallard,375680771,eugene cheah,ducks
Oriental Stork,217914801,yann muzika,egrets
Falcated Duck,211841021,Atsushi Shimazaki,ducks
Black-tailed Gull,206020991,Lars Petersson | My World of Bird Photography,seabirds
Black-tailed Gull,206020981,Lars Petersson | My World of Bird Photography,seabirds
Black-tailed Gull,206019411,Lars Petersson | My World of Bird Photography,seabirds
Brown Booby,206017591,Lars Petersson | My World of Bird Photography,seabirds
Meadow Bunting,206017461,Lars Petersson | My World of Bird Photography,lbb
Black-browed Reed Warbler,206001121,Lars Petersson | My World of Bird Photography,lbb
White-winged Scoter,205715901,Morten Venas,funky_ducks
Black-headed Gull,204838541,Joao Ponces de Carvalho,seabirds
Gray Heron,204838471,Joao Ponces de Carvalho,herons
Black-tailed Gull,204791001,Peter Vercruijsse,seabirds
Pallas's Rosefinch,136899701,Yasuhiko Komatsu,finches
Common Pochard,91285141,Chris Maines,ducks
Oriental Stork,81662201,Pam Rasmussen,egrets
Eastern Spot-billed Duck,80836601,Anonymous,ducks
Bufflehead,513247461,Joji Fujitsuka,funky_ducks
Narcissus Flycatcher,384865581,Saku Saku,wagfantail
Eurasian Wren,196673441,Atsushi Shimazaki,lbb
Chinese Bamboo-Partridge,144632851,Paul Schmidt,quails
White-backed Woodpecker,104048831,Ting-Wei (廷維) HUNG (洪),woodpecker
American Wigeon,213707881,Paul Hyde,ducks
Eurasian Coot,151605601,Rui-Yang Ho,water_birds
Middendorff's Grasshopper Warbler,143272881,yann muzika,lbb
Middendorff's Grasshopper Warbler,124263131,Lasse Olsson,lbb
Glaucous-winged Gull,65426381,Christoph Moning,seabirds
Varied Tit,42311951,Sam Woods,tit
Coal Tit,26858531,Ian Davies,tit
Rook,26857301,Ian Davies,black_white
Narcissus Flycatcher,271376441,yann muzika,wagfantail
Middendorff's Grasshopper Warbler,205519501,Jens Thalund,lbb
Eastern Spot-billed Duck,205713241,Morten Venas,ducks
Eastern Spot-billed Duck,204791051,Peter Vercruijsse,ducks
Black-headed Gull,509809731,Hiroyuki Tamura,seabirds
Baikal Teal,57606011,Stuart Price,ducks
Red-footed Booby,52877601,James (Jim) Holmes,seabirds
Long-billed Murrelet,218139891,yann muzika,puffin_and_co
Japanese Woodpecker,205713181,Morten Venas,woodpecker
Matsudaira's Storm-Petrel,52873771,James (Jim) Holmes,seabirds
Eyebrowed Thrush,548917981,Alexander Kitiashvili,ground_mbb
Large-billed Crow,275095771,Daniel Grossi,black_white
Short-tailed Albatross,205935021,John and Jemi Holmes,seabirds
Marsh Grassbird,206000971,Lars Petersson | My World of Bird Photography,mbb
Marsh Grassbird,206000911,Lars Petersson | My World of Bird Photography,mbb
Iceland Gull,307798281,yann muzika,seabirds
Eurasian Wren,210046251,Paul Hyde,lbb
Japanese Murrelet,65587801,Christoph Moning,puffin_and_co
Japanese Tit,26855251,Ian Davies,tit
Copper Pheasant,179858521,Tomohiro Iuchi,walking_birds
Mountain Hawk-Eagle,85682411,Kantori Birders,big_raptors
Japanese Accentor,22575041,Brian Daniels,mbb
Eurasian Treecreeper,614667523,Forest Botial-Jarvis,lbb
Northern Pintail,614383973,Edmond Sham,ducks
Common Kingfisher,613073324,Oliver Huang,kingfishers
Osprey,612975602,Hugo Cobos,big_raptors
Eurasian Bullfinch,612585643,kanta m,finches
Mallard,612172947,Kasia & Takashi Someya,ducks
Long-tailed Tit,611759452,Anonymous,tit
Olive-backed Pipit,611652258,Anonymous,mbb
Pine Grosbeak,611393854,Avihu Nussbaum,finches
Siberian Rubythroat,610587260,Akira Nakanishi,ground_mbb
Asian Brown Flycatcher,610019475,Anonymous,wagfantail
Common Kingfisher,609882382,Aline Horikawa,kingfishers
Common Ringed Plover,609599818,Kasia & Takashi Someya,plovers
Black-bellied Plover,609409739,Kasia & Takashi Someya,plovers
Eurasian Tree Sparrow,608993244,Forest Botial-Jarvis,lbb
Little Grebe,607960971,Henry Witsken,water_birds
Willow Tit,603280951,Shigeyuki Mukawa,tit
Bannerman's Shearwater,600829521,Yasuhiko Komatsu,seabirds
Gray-headed Lapwing,593948541,Atsushi Shimazaki,plovers
Japanese Robin,591296441,Andrew Whitehouse,robins
Rock Ptarmigan,588778201,Jen Wei Yip,quails
Narcissus Flycatcher,576247021,Simon Colenutt,wagfantail
Eurasian Wryneck,563028261,Aline Horikawa,mbb
Dunlin,557396211,Kasia & Takashi Someya,plovers
Eurasian Moorhen,556466441,Anonymous,water_birds
Bohemian Waxwing,544491181,としふみ しみず,little_colourful_birds
Eurasian Nuthatch,543501031,としふみ しみず,lbb
Black-headed Gull,533885491,Yuya Okuzaki,seabirds
Gray Bunting,532258501,Anonymous,lbb
Eurasian Coot,531766421,Feilin Gu,water_birds
White's Thrush,531738651,Atsushi Shimazaki,ground_mbb
White Wagtail,531073711,Anonymous,wagfantail
Little Gull,529740571,Kasia & Takashi Someya,seabirds
